{"cameraMode":{"drawMode":0,"name":"Shaded","section":"Shading Mode"},"sceneLighting":true,"audioPlay":false,"sceneViewState":{"m_AlwaysRefresh":false,"showFog":true,"showSkybox":true,"showFlares":true,"showImageEffects":true,"showParticleSystems":true,"showVisualEffectGraphs":true,"m_FxEnabled":true},"in2DMode":false,"pivot":{"x":0.007432050537317991,"y":-0.006108688190579414,"z":0.0033676051534712316},"rotation":{"x":0.3555120527744293,"y":0.5004999041557312,"z":-0.2362375259399414,"w":0.7531988620758057},"size":0.024231554940342904,"orthographic":false}